step,virtual_cumulative_ns,real_cumulative_ns,virtual_delta_ns,real_delta_ns,driver_wall_delta_s
1,100000000,100007500,100000000,100007500,0.184546709
2,200000000,200049500,100000000,100042000,0.134585375
3,300000000,300037700,100000000,99988200,0.133904208
4,400000000,400078600,100000000,100040900,0.134476000
5,500000000,499988900,100000000,99910300,0.134228583
6,600000000,599965200,100000000,99976300,0.134169500
7,700000000,700102200,100000000,100137000,0.134232417
8,800000000,799986000,100000000,99883800,0.133928250
9,900000000,899969000,100000000,99983000,0.132448291
10,1000000000,1000454900,100000000,100485900,0.134478458
11,1100000000,1100057000,100000000,99602100,0.133081209
12,1200000000,1200064300,100000000,100007300,0.134165125
13,1300000000,1299937200,100000000,99872900,0.133712791
14,1400000000,1400065200,100000000,100128000,0.133914958
15,1500000000,1500013400,100000000,99948200,0.133699125
16,1600000000,1599982100,100000000,99968700,0.133489583
17,1700000000,1700001100,100000000,100019000,0.134204208
18,1800000000,1799980600,100000000,99979500,0.134586625
19,1900000000,1900066800,100000000,100086200,0.134002583
20,2000000000,2000049400,100000000,99982600,0.133544375
21,2100000000,2100049000,100000000,99999600,0.133778875
22,2200000000,2200053300,100000000,100004300,0.133616583
23,2300000000,2300175500,100000000,100122200,0.133355333
24,2400000000,2400037000,100000000,99861500,0.134187167
25,2500000000,2500043100,100000000,100006100,0.133490250
26,2600000000,2600048800,100000000,100005700,0.133613041
27,2700000000,2699983800,100000000,99935000,0.133741667
28,2800000000,2799960100,100000000,99976300,0.131809708
29,2900000000,2900058600,100000000,100098500,0.134937750
30,3000000000,2999973600,100000000,99915000,0.133866500
31,3100000000,3099949900,100000000,99976300,0.133335708
32,3200000000,3200048500,100000000,100098600,0.133853208
33,3300000000,3300017400,100000000,99968900,0.134276042
34,3400000000,3400035000,100000000,100017600,0.134059917
35,3500000000,3499962300,100000000,99927300,0.133237125
36,3600000000,3600050300,100000000,100088000,0.133399583
37,3700000000,3699987600,100000000,99937300,0.133719542
38,3800000000,3799973300,100000000,99985700,0.133569500
39,3900000000,3900026900,100000000,100053600,0.132107292
40,4000000000,4000030800,100000000,100003900,0.134174959
41,4100000000,4100001100,100000000,99970300,0.133563666
42,4200000000,4199966400,100000000,99965300,0.134427708
43,4300000000,4300437300,100000000,100470900,0.134147417
44,4400000000,4400070500,100000000,99633200,0.133441083
45,4500000000,4500045500,100000000,99975000,0.133794167
46,4600000000,4599965500,100000000,99920000,0.133660167
47,4700000000,4699973100,100000000,100007600,0.134271542
48,4800000000,4799986000,100000000,100012900,0.133393083
49,4900000000,4900039500,100000000,100053500,0.132154416
50,5000000000,5000033900,100000000,99994400,0.133770500
51,5100000000,5100049000,100000000,100015100,0.133723542
52,5200000000,5199960400,100000000,99911400,0.133304667
53,5300000000,5299989300,100000000,100028900,0.133577208
54,5400000000,5400553400,100000000,100564100,0.134077750
55,5500000000,5500043700,100000000,99490300,0.133634042
56,5600000000,5600041000,100000000,99997300,0.133956625
57,5700000000,5700041100,100000000,100000100,0.133597333
58,5800000000,5800033500,100000000,99992400,0.133384250
59,5900000000,5900610500,100000000,100577000,0.132501334
60,6000000000,6000037500,100000000,99427000,0.133433125
61,6100000000,6099989900,100000000,99952400,0.133927333
62,6200000000,6200208500,100000000,100218600,0.133638500
63,6300000000,6299968900,100000000,99760400,0.133573084
64,6400000000,6400032500,100000000,100063600,0.133802500
65,6500000000,6499961500,100000000,99929000,0.133593083
66,6600000000,6600070300,100000000,100108800,0.133540541
67,6700000000,6700041400,100000000,99971100,0.134081833
68,6800000000,6799960600,100000000,99919200,0.133848333
69,6900000000,6900049400,100000000,100088800,0.133917500
70,7000000000,7000055500,100000000,100006100,0.132926167
71,7100000000,7099953900,100000000,99898400,0.133143625
72,7200000000,7199989700,100000000,100035800,0.133476750
73,7300000000,7300010900,100000000,100021200,0.133247208
74,7400000000,7400027200,100000000,100016300,0.133503875
75,7500000000,7499951500,100000000,99924300,0.133662125
76,7600000000,7600023400,100000000,100071900,0.133857584
77,7700000000,7700039000,100000000,100015600,0.133052167
78,7800000000,7800035200,100000000,99996200,0.133599792
79,7900000000,7900019100,100000000,99983900,0.133957250
80,8000000000,8000053000,100000000,100033900,0.133824959
81,8100000000,8100028400,100000000,99975400,0.133702584
82,8200000000,8200036400,100000000,100008000,0.133724625
83,8300000000,8299970100,100000000,99933700,0.133580084
84,8400000000,8399963700,100000000,99993600,0.133727292
85,8500000000,8500000100,100000000,100036400,0.133427791
86,8600000000,8599959700,100000000,99959600,0.134061417
87,8700000000,8699948400,100000000,99988700,0.133533500
88,8800000000,8800029700,100000000,100081300,0.133750791
89,8900000000,8900047000,100000000,100017300,0.132965209
90,9000000000,8999942500,100000000,99895500,0.133831208
91,9100000000,9099972700,100000000,100030200,0.132451625
92,9200000000,9200064300,100000000,100091600,0.132279000
93,9300000000,9299989900,100000000,99925600,0.132568625
94,9400000000,9399981100,100000000,99991200,0.132069834
95,9500000000,9500077100,100000000,100096000,0.132866959
96,9600000000,9600046400,100000000,99969300,0.132788375
97,9700000000,9700007500,100000000,99961100,0.133936208
98,9800000000,9800110600,100000000,100103100,0.132543625
99,9900000000,9900078000,100000000,99967400,0.133466708
100,10000000000,10000083900,100000000,100005900,0.132342166
101,10100000000,10100123200,100000000,100039300,0.132721458
102,10200000000,10199989000,100000000,99865800,0.133837167
103,10300000000,10300023400,100000000,100034400,0.132637875
104,10400000000,10406874400,100000000,106851000,0.142219542
105,10500000000,10500076000,100000000,93201600,0.126039875
106,10600000000,10600102100,100000000,100026100,0.133293167
107,10700000000,10700008000,100000000,99905900,0.134702625
108,10800000000,10800085600,100000000,100077600,0.134722959
109,10900000000,10900059500,100000000,99973900,0.134229250
110,11000000000,10999948300,100000000,99888800,0.132185875
111,11100000000,11100319800,100000000,100371500,0.132705084
112,11200000000,11199968200,100000000,99648400,0.132380083
113,11300000000,11300063000,100000000,100094800,0.133123208
114,11400000000,11399965100,100000000,99902100,0.132362000
115,11500000000,11499947500,100000000,99982400,0.133633584
116,11600000000,11600061000,100000000,100113500,0.132623167
117,11700000000,11699995700,100000000,99934700,0.133532334
118,11800000000,11800076500,100000000,100080800,0.132224625
119,11900000000,11900796300,100000000,100719800,0.133511125
120,12000000000,12000046200,100000000,99249900,0.132564292
121,12100000000,12099951300,100000000,99905100,0.131759167
122,12200000000,12200044800,100000000,100093500,0.133934500
123,12300000000,12300104100,100000000,100059300,0.132495625
124,12400000000,12399972100,100000000,99868000,0.132928792
125,12500000000,12499956400,100000000,99984300,0.133048917
126,12600000000,12599961900,100000000,100005500,0.133979250
127,12700000000,12699954600,100000000,99992700,0.133931458
128,12800000000,12799939000,100000000,99984400,0.133791125
129,12900000000,12900025200,100000000,100086200,0.132126375
130,13000000000,13000073500,100000000,100048300,0.133515042
131,13100000000,13100019700,100000000,99946200,0.133913417
132,13200000000,13200025800,100000000,100006100,0.133634125
133,13300000000,13300030900,100000000,100005100,0.133926833
134,13400000000,13400004200,100000000,99973300,0.133694042
135,13500000000,13499969000,100000000,99964800,0.133617000
136,13600000000,13599973800,100000000,100004800,0.134087458
137,13700000000,13699957300,100000000,99983500,0.133378708
138,13800000000,13800036900,100000000,100079600,0.133676375
139,13900000000,13899965400,100000000,99928500,0.133593416
140,14000000000,14000341200,100000000,100375800,0.134411917
141,14100000000,14100029900,100000000,99688700,0.133133416
142,14200000000,14199981700,100000000,99951800,0.133573250
143,14300000000,14300023000,100000000,100041300,0.132376000
144,14400000000,14400047300,100000000,100024300,0.133517166
145,14500000000,14500036900,100000000,99989600,0.133964583
146,14600000000,14600051100,100000000,100014200,0.133795125
147,14700000000,14699986900,100000000,99935800,0.133381500
148,14800000000,14799955400,100000000,99968500,0.133745083
149,14900000000,14899985900,100000000,100030500,0.133749666
150,15000000000,14999945700,100000000,99959800,0.133418125
151,15100000000,15099959700,100000000,100014000,0.133783291
152,15200000000,15199953000,100000000,99993300,0.133687958
153,15300000000,15300031700,100000000,100078700,0.134105958
154,15400000000,15399949100,100000000,99917400,0.131814500
155,15500000000,15500038400,100000000,100089300,0.133757416
156,15600000000,15599952400,100000000,99914000,0.133599125
157,15700000000,15699956200,100000000,100003800,0.133202000
158,15800000000,15800025800,100000000,100069600,0.133265750
159,15900000000,15900033400,100000000,100007600,0.133788541
160,16000000000,16000035200,100000000,100001800,0.133640459
161,16100000000,16100024200,100000000,99989000,0.133614750
162,16200000000,16199967600,100000000,99943400,0.133395958
163,16300000000,16300065400,100000000,100097800,0.133751917
164,16400000000,16400038500,100000000,99973100,0.133485875
165,16500000000,16499957900,100000000,99919400,0.133759083
166,16600000000,16600032800,100000000,100074900,0.134085458
167,16700000000,16699975800,100000000,99943000,0.133885042
168,16800000000,16799950100,100000000,99974300,0.133824042
169,16900000000,16899972100,100000000,100022000,0.133451375
170,17000000000,17000026600,100000000,100054500,0.134065083
171,17100000000,17099995600,100000000,99969000,0.133941458
172,17200000000,17199998400,100000000,100002800,0.133780583
173,17300000000,17300033800,100000000,100035400,0.133546417
174,17400000000,17400025200,100000000,99991400,0.133749042
175,17500000000,17500028500,100000000,100003300,0.132295000
176,17600000000,17599956800,100000000,99928300,0.133215458
177,17700000000,17700042600,100000000,100085800,0.133915625
178,17800000000,17800032200,100000000,99989600,0.133490125
179,17900000000,17899953500,100000000,99921300,0.134177209
180,18000000000,17999996200,100000000,100042700,0.133430291
181,18100000000,18100050400,100000000,100054200,0.134081250
182,18200000000,18199980900,100000000,99930500,0.133487916
183,18300000000,18299961300,100000000,99980400,0.133798542
184,18400000000,18399960800,100000000,99999500,0.133898250
185,18500000000,18499957300,100000000,99996500,0.131542458
186,18600000000,18600042400,100000000,100085100,0.134131667
187,18700000000,18700023300,100000000,99980900,0.134736792
188,18800000000,18799974800,100000000,99951500,0.131988000
189,18900000000,18899991900,100000000,100017100,0.134321083
190,19000000000,19000120900,100000000,100129000,0.132374750
191,19100000000,19100051700,100000000,99930800,0.132585666
192,19200000000,19199983700,100000000,99932000,0.133965625
193,19300000000,19300053500,100000000,100069800,0.132465250
194,19400000000,19400021900,100000000,99968400,0.134430542
195,19500000000,19499964000,100000000,99942100,0.134071334
196,19600000000,19599955900,100000000,99991900,0.133783416
197,19700000000,19699952300,100000000,99996400,0.133879625
198,19800000000,19800001200,100000000,100048900,0.133877958
199,19900000000,19899949000,100000000,99947800,0.133477375
200,20000000000,20000030900,100000000,100081900,0.134084000
201,20100000000,20099980600,100000000,99949700,0.133325375
202,20200000000,20200256600,100000000,100276000,0.132378500
203,20300000000,20300031200,100000000,99774600,0.131597458
204,20400000000,20400696000,100000000,100664800,0.134266334
205,20500000000,20500030100,100000000,99334100,0.132683417
206,20600000000,20600072000,100000000,100041900,0.133328708
207,20700000000,20699997700,100000000,99925700,0.133401583
208,20800000000,20799958900,100000000,99961200,0.133424709
209,20900000000,20899958700,100000000,99999800,0.133227458
210,21000000000,21000006700,100000000,100048000,0.133573000
211,21100000000,21099958600,100000000,99951900,0.132112958
212,21200000000,21199960600,100000000,100002000,0.133846959
213,21300000000,21300026900,100000000,100066300,0.133933875
214,21400000000,21399968100,100000000,99941200,0.133802667
215,21500000000,21500036400,100000000,100068300,0.133597875
216,21600000000,21599966000,100000000,99929600,0.133267000
217,21700000000,21699968900,100000000,100002900,0.134008708
218,21800000000,21800016400,100000000,100047500,0.134157083
219,21900000000,21899947600,100000000,99931200,0.133731208
220,22000000000,21999955400,100000000,100007800,0.133821500
221,22100000000,22100026200,100000000,100070800,0.133861750
222,22200000000,22200048100,100000000,100021900,0.133764000
223,22300000000,22300025400,100000000,99977300,0.133699000
224,22400000000,22399954900,100000000,99929500,0.133245833
225,22500000000,22499957200,100000000,100002300,0.133262208
226,22600000000,22600040300,100000000,100083100,0.133470750
227,22700000000,22699996900,100000000,99956600,0.133725791
228,22800000000,22799949700,100000000,99952800,0.133737125
229,22900000000,22900054500,100000000,100104800,0.133945083
230,23000000000,23000031700,100000000,99977200,0.134091792
231,23100000000,23099954100,100000000,99922400,0.133077000
232,23200000000,23199970700,100000000,100016600,0.133468625
233,23300000000,23299974100,100000000,100003400,0.133759916
234,23400000000,23399977400,100000000,100003300,0.133820291
235,23500000000,23500029900,100000000,100052500,0.133885417
236,23600000000,23600011900,100000000,99982000,0.133791750
237,23700000000,23700029100,100000000,100017200,0.133383084
238,23800000000,23799956200,100000000,99927100,0.133944416
239,23900000000,23899952800,100000000,99996600,0.134009916
240,24000000000,24000033200,100000000,100080400,0.133873000
241,24100000000,24099967200,100000000,99934000,0.134754375
242,24200000000,24200040800,100000000,100073600,0.133930792
243,24300000000,24300041800,100000000,100001000,0.133746792
244,24400000000,24399946800,100000000,99905000,0.132867125
245,24500000000,24500019400,100000000,100072600,0.132048417
246,24600000000,24600024600,100000000,100005200,0.132598375
247,24700000000,24699954800,100000000,99930200,0.133440042
248,24800000000,24800033400,100000000,100078600,0.133369667
249,24900000000,24899961400,100000000,99928000,0.133327917
250,25000000000,25000025500,100000000,100064100,0.131921875
251,25100000000,25099970900,100000000,99945400,0.131795750
252,25200000000,25200031200,100000000,100060300,0.133657417
253,25300000000,25300080000,100000000,100048800,0.132110791
254,25400000000,25400024100,100000000,99944100,0.133869833
255,25500000000,25500031900,100000000,100007800,0.133602834
256,25600000000,25602672200,100000000,102640300,0.136427291
257,25700000000,25699969900,100000000,97297700,0.129075041
258,25800000000,25800024500,100000000,100054600,0.132826000
259,25900000000,25900030700,100000000,100006200,0.133846208
260,26000000000,25999946200,100000000,99915500,0.133715917
261,26100000000,26099958900,100000000,100012700,0.133415666
262,26200000000,26200033300,100000000,100074400,0.134146666
263,26300000000,26300029900,100000000,99996600,0.133347250
264,26400000000,26399982000,100000000,99952100,0.133405750
265,26500000000,26500028400,100000000,100046400,0.133482250
266,26600000000,26600031700,100000000,100003300,0.133078083
267,26700000000,26700046900,100000000,100015200,0.133391125
268,26800000000,26800029600,100000000,99982700,0.133247750
269,26900000000,26899955000,100000000,99925400,0.133814458
270,27000000000,26999971100,100000000,100016100,0.133753500
271,27100000000,27100022400,100000000,100051300,0.133483333
272,27200000000,27200197900,100000000,100175500,0.134057708
273,27300000000,27299989200,100000000,99791300,0.133175958
274,27400000000,27400029300,100000000,100040100,0.132671416
275,27500000000,27500024400,100000000,99995100,0.133991917
276,27600000000,27600028900,100000000,100004500,0.133307917
277,27700000000,27699956200,100000000,99927300,0.133719083
278,27800000000,27800046300,100000000,100090100,0.132768708
279,27900000000,27900029300,100000000,99983000,0.133641542
280,28000000000,28000739600,100000000,100710300,0.134259875
281,28100000000,28099966400,100000000,99226800,0.133085792
282,28200000000,28199950100,100000000,99983700,0.132559916
283,28300000000,28300049600,100000000,100099500,0.133186166
284,28400000000,28400021900,100000000,99972300,0.133453125
285,28500000000,28500039000,100000000,100017100,0.133965084
286,28600000000,28600020900,100000000,99981900,0.133691875
287,28700000000,28699950600,100000000,99929700,0.133854541
288,28800000000,28799961900,100000000,100011300,0.133510000
289,28900000000,28900035200,100000000,100073300,0.134023292
290,29000000000,29000017700,100000000,99982500,0.133680583
291,29100000000,29100037400,100000000,100019700,0.132233708
292,29200000000,29200030400,100000000,99993000,0.131761875
293,29300000000,29300032100,100000000,100001700,0.133601833
294,29400000000,29400030200,100000000,99998100,0.133404041
295,29500000000,29500032900,100000000,100002700,0.133341667
296,29600000000,29600037300,100000000,100004400,0.133451666
297,29700000000,29699970700,100000000,99933400,0.133330459
298,29800000000,29799951300,100000000,99980600,0.134173500
299,29900000000,29899959500,100000000,100008200,0.133235000
300,30000000000,29999950800,100000000,99991300,0.133257166
301,30100000000,30099955500,100000000,100004700,0.133681375
302,30200000000,30199942900,100000000,99987400,0.133807458
303,30300000000,30299964200,100000000,100021300,0.133857417
304,30400000000,30400046000,100000000,100081800,0.133919916
305,30500000000,30500021000,100000000,99975000,0.133628458
306,30600000000,30599949900,100000000,99928900,0.133098000
307,30700000000,30699986900,100000000,100037000,0.133680417
308,30800000000,30800032200,100000000,100045300,0.133838042
309,30900000000,30900061700,100000000,100029500,0.133827459
310,31000000000,30999968200,100000000,99906500,0.133889375
311,31100000000,31099965200,100000000,99997000,0.134873209
312,31200000000,31199970000,100000000,100004800,0.133420208
313,31300000000,31299998400,100000000,100028400,0.133930958
314,31400000000,31400026900,100000000,100028500,0.133836917
315,31500000000,31499954800,100000000,99927900,0.133330167
316,31600000000,31600031900,100000000,100077100,0.133586708
317,31700000000,31700024800,100000000,99992900,0.131631083
318,31800000000,31799951500,100000000,99926700,0.133680000
319,31900000000,31900039600,100000000,100088100,0.133308583
320,32000000000,32000028000,100000000,99988400,0.132913833
321,32100000000,32100032400,100000000,100004400,0.133720708
322,32200000000,32200530400,100000000,100498000,0.134325458
323,32300000000,32300031000,100000000,99500600,0.133383042
324,32400000000,32399955400,100000000,99924400,0.133810458
325,32500000000,32500036800,100000000,100081400,0.133534833
326,32600000000,32599989700,100000000,99952900,0.131460875
327,32700000000,32700025200,100000000,100035500,0.134037958
328,32800000000,32799948700,100000000,99923500,0.133501958
329,32900000000,32899960000,100000000,100011300,0.134117625
330,33000000000,32999955200,100000000,99995200,0.133852375
331,33100000000,33100011900,100000000,100056700,0.133849750
332,33200000000,33200068700,100000000,100056800,0.133397542
333,33300000000,33299987600,100000000,99918900,0.133674209
334,33400000000,33400032200,100000000,100044600,0.133400958
335,33500000000,33500041400,100000000,100009200,0.133917042
336,33600000000,33600028000,100000000,99986600,0.133472750
337,33700000000,33699972400,100000000,99944400,0.133386792
338,33800000000,33800024800,100000000,100052400,0.133266625
339,33900000000,33899973900,100000000,99949100,0.133795583
340,34000000000,33999976600,100000000,100002700,0.133499000
341,34100000000,34099955400,100000000,99978800,0.133500291
342,34200000000,34200044500,100000000,100089100,0.133931708
343,34300000000,34299951500,100000000,99907000,0.133640750
344,34400000000,34400045500,100000000,100094000,0.133313958
345,34500000000,34499986800,100000000,99941300,0.133670041
346,34600000000,34599962700,100000000,99975900,0.133867209
347,34700000000,34700695100,100000000,100732400,0.133417750
348,34800000000,34799988800,100000000,99293700,0.132920750
349,34900000000,34900035800,100000000,100047000,0.132628542
350,35000000000,35000079500,100000000,100043700,0.134350292
351,35100000000,35099972500,100000000,99893000,0.133758375
352,35200000000,35200027900,100000000,100055400,0.133893458
353,35300000000,35300030900,100000000,100003000,0.133311417
354,35400000000,35399979800,100000000,99948900,0.133660125
355,35500000000,35499974500,100000000,99994700,0.133749791
356,35600000000,35600034500,100000000,100060000,0.133717458
357,35700000000,35699959500,100000000,99925000,0.133781167
358,35800000000,35800057000,100000000,100097500,0.134022792
359,35900000000,35899974600,100000000,99917600,0.133051917
360,36000000000,36000780800,100000000,100806200,0.134254500
361,36100000000,36099951300,100000000,99170500,0.132876875
362,36200000000,36199981600,100000000,100030300,0.132911375
363,36300000000,36300039300,100000000,100057700,0.133914000
364,36400000000,36400035100,100000000,99995800,0.133813542
365,36500000000,36500047200,100000000,100012100,0.131949625
366,36600000000,36600028400,100000000,99981200,0.133373917
367,36700000000,36699964300,100000000,99935900,0.131620083
368,36800000000,36799980800,100000000,100016500,0.132775833
369,36900000000,36899946300,100000000,99965500,0.132406708
370,37000000000,37000026200,100000000,100079900,0.133977917
371,37100000000,37099940100,100000000,99913900,0.132571875
372,37200000000,37200056100,100000000,100116000,0.134485000
373,37300000000,37299995500,100000000,99939400,0.133859708
374,37400000000,37399954400,100000000,99958900,0.133823958
375,37500000000,37499958100,100000000,100003700,0.133863459
376,37600000000,37600017600,100000000,100059500,0.133461416
377,37700000000,37699951500,100000000,99933900,0.133671792
378,37800000000,37800025400,100000000,100073900,0.133769291
379,37900000000,37899954700,100000000,99929300,0.132556291
380,38000000000,37999949900,100000000,99995200,0.133265667
381,38100000000,38099958700,100000000,100008800,0.133403500
382,38200000000,38200024300,100000000,100065600,0.133822291
383,38300000000,38300027700,100000000,100003400,0.133317459
384,38400000000,38400041300,100000000,100013600,0.133858625
385,38500000000,38500029200,100000000,99987900,0.133681291
386,38600000000,38599963200,100000000,99934000,0.133846250
387,38700000000,38699930100,100000000,99966900,0.133628750
388,38800000000,38799962700,100000000,100032600,0.133981834
389,38900000000,38900028200,100000000,100065500,0.133977417
390,39000000000,39000030500,100000000,100002300,0.133732958
391,39100000000,39100025400,100000000,99994900,0.132364625
392,39200000000,39199982500,100000000,99957100,0.133732542
393,39300000000,39300028400,100000000,100045900,0.133806958
394,39400000000,39399967600,100000000,99939200,0.133312042
395,39500000000,39499964700,100000000,99997100,0.133659500
396,39600000000,39600027700,100000000,100063000,0.133748000
397,39700000000,39700025600,100000000,99997900,0.132350541
398,39800000000,39801877600,100000000,101852000,0.135255041
399,39900000000,39899949900,100000000,98072300,0.132665500
400,40000000000,40000029300,100000000,100079400,0.133563417
401,40100000000,40100007200,100000000,99977900,0.132020458
402,40200000000,40200022000,100000000,100014800,0.133889167
403,40300000000,40300003200,100000000,99981200,0.133600833
404,40400000000,40399962600,100000000,99959400,0.133734208
405,40500000000,40499962500,100000000,99999900,0.133885459
406,40600000000,40599967100,100000000,100004600,0.133543750
407,40700000000,40700027900,100000000,100060800,0.133644958
408,40800000000,40800032800,100000000,100004900,0.132446042
409,40900000000,40900021200,100000000,99988400,0.133512125
410,41000000000,40999949400,100000000,99928200,0.134070167
411,41100000000,41100036000,100000000,100086600,0.134108875
412,41200000000,41199969700,100000000,99933700,0.133376334
413,41300000000,41300052400,100000000,100082700,0.133459500
414,41400000000,41399964000,100000000,99911600,0.133331625
415,41500000000,41499956000,100000000,99992000,0.133718042
416,41600000000,41600028000,100000000,100072000,0.133412375
417,41700000000,41700035800,100000000,100007800,0.133286208
418,41800000000,41799960600,100000000,99924800,0.133217209
419,41900000000,41900077700,100000000,100117100,0.131655791
420,42000000000,41999981900,100000000,99904200,0.132201208
421,42100000000,42099981700,100000000,99999800,0.132654292
422,42200000000,42199993900,100000000,100012200,0.133030167
423,42300000000,42338629600,100000000,138635700,0.173176584
424,42400000000,42537274400,100000000,198644800,0.263457417
425,42500000000,42666192700,100000000,128918300,0.183226334
426,42600000000,42739176200,100000000,72983500,0.110768417
427,42700000000,42909096600,100000000,169920400,0.204331208
428,42800000000,43053163700,100000000,144067100,0.186609542
429,42900000000,43209204700,100000000,156041000,0.215268791
430,43000000000,43377943500,100000000,168738800,0.210745833
431,43100000000,43750051500,100000000,372108000,0.428819166
432,43200000000,43874068000,100000000,124016500,0.157950333
433,43300000000,44000424900,100000000,126356900,0.161165791
434,43400000000,44111069300,100000000,110644400,0.154736250
435,43500000000,44229726300,100000000,118657000,0.158480750
436,43600000000,44357056500,100000000,127330200,0.178946042
437,43700000000,44425752200,100000000,68695700,0.101296417
438,43800000000,44494151200,100000000,68399000,0.100530083
439,43900000000,44556374300,100000000,62223100,0.096364042
440,44000000000,44620063200,100000000,63688900,0.095930958
441,44100000000,44689093300,100000000,69030100,0.101171625
442,44200000000,44753664300,100000000,64571000,0.096847291
443,44300000000,44816072100,100000000,62407800,0.094557667
444,44400000000,44880580000,100000000,64507900,0.098435041
445,44500000000,44942299600,100000000,61719600,0.093830042
446,44600000000,45003349300,100000000,61049700,0.095292833
447,44700000000,45070749100,100000000,67399800,0.102144167
448,44800000000,45136998600,100000000,66249500,0.099039875
449,44900000000,45199646100,100000000,62647500,0.096565167
450,45000000000,45258349800,100000000,58703700,0.090663292
451,45100000000,45318078800,100000000,59729000,0.091932125
452,45200000000,45376018800,100000000,57940000,0.091992917
453,45300000000,45438164700,100000000,62145900,0.101512292
454,45400000000,45498104700,100000000,59940000,0.094927375
455,45500000000,45558210600,100000000,60105900,0.092436209
456,45600000000,45622302900,100000000,64092300,0.096626750
457,45700000000,45700084000,100000000,77781100,0.112643459
458,45800000000,45799961500,100000000,99877500,0.133590000
459,45900000000,45899976600,100000000,100015100,0.133938583
460,46000000000,46000027800,100000000,100051200,0.133565750
461,46100000000,46100052400,100000000,100024600,0.131769584
462,46200000000,46199958500,100000000,99906100,0.134022791
463,46300000000,46299952900,100000000,99994400,0.134019792
464,46400000000,46400052200,100000000,100099300,0.134001917
465,46500000000,46500030000,100000000,99977800,0.132881166
466,46600000000,46600033400,100000000,100003400,0.134141417
467,46700000000,46700047200,100000000,100013800,0.132680542
468,46800000000,46799963700,100000000,99916500,0.133388000
469,46900000000,46900033200,100000000,100069500,0.133944875
470,47000000000,46999948000,100000000,99914800,0.133291584
471,47100000000,47100029800,100000000,100081800,0.133802417
472,47200000000,47199963500,100000000,99933700,0.133334875
473,47300000000,47299958600,100000000,99995100,0.133460833
474,47400000000,47399954000,100000000,99995400,0.133442125
475,47500000000,47499953100,100000000,99999100,0.133380334
476,47600000000,47600029600,100000000,100076500,0.132502708
477,47700000000,47699971900,100000000,99942300,0.135590625
478,47800000000,47800027200,100000000,100055300,0.133994375
479,47900000000,47899976900,100000000,99949700,0.133837083
480,48000000000,47999954800,100000000,99977900,0.133837541
481,48100000000,48099973200,100000000,100018400,0.133512875
482,48200000000,48199978700,100000000,100005500,0.133825792
483,48300000000,48299963200,100000000,99984500,0.133390292
484,48400000000,48399949800,100000000,99986600,0.134189500
485,48500000000,48500029500,100000000,100079700,0.133933083
486,48600000000,48599956800,100000000,99927300,0.133879333
487,48700000000,48699953500,100000000,99996700,0.133827208
488,48800000000,48799968400,100000000,100014900,0.133783333
489,48900000000,48900030900,100000000,100062500,0.133807625
490,49000000000,49000030100,100000000,99999200,0.133143625
491,49100000000,49099983500,100000000,99953400,0.133210458
492,49200000000,49200085500,100000000,100102000,0.133774959
493,49300000000,49299962200,100000000,99876700,0.134897417
494,49400000000,49399977400,100000000,100015200,0.133954625
495,49500000000,49499950700,100000000,99973300,0.133451542
496,49600000000,49599984800,100000000,100034100,0.133271542
497,49700000000,49699946900,100000000,99962100,0.133438708
498,49800000000,49799947000,100000000,100000100,0.133131166
499,49900000000,49900039500,100000000,100092500,0.133412084
500,50000000000,50000029500,100000000,99990000,0.133661208
501,50100000000,50100022700,100000000,99993200,0.133349000
502,50200000000,50199948200,100000000,99925500,0.133709125
503,50300000000,50299969400,100000000,100021200,0.133666084
504,50400000000,50399947200,100000000,99977800,0.133324500
505,50500000000,50499980000,100000000,100032800,0.133229833
506,50600000000,50599951300,100000000,99971300,0.133134416
507,50700000000,50701811500,100000000,101860200,0.135571542
508,50800000000,50800041100,100000000,98229600,0.131416166
509,50900000000,50899964500,100000000,99923400,0.133740000
510,51000000000,50999965000,100000000,100000500,0.133402208
511,51100000000,51099991600,100000000,100026600,0.133459958
512,51200000000,51199956700,100000000,99965100,0.134109708
513,51300000000,51300047700,100000000,100091000,0.134158500
514,51400000000,51399945600,100000000,99897900,0.133781959
515,51500000000,51499984600,100000000,100039000,0.133294583
516,51600000000,51599954600,100000000,99970000,0.133763083
517,51700000000,51699953400,100000000,99998800,0.133811625
518,51800000000,51799963100,100000000,100009700,0.133863375
519,51900000000,51900048400,100000000,100085300,0.133394416
520,52000000000,52000034100,100000000,99985700,0.133696125
521,52100000000,52100028700,100000000,99994600,0.133673416
522,52200000000,52200030100,100000000,100001400,0.133167458
523,52300000000,52299955800,100000000,99925700,0.133917375
524,52400000000,52400040400,100000000,100084600,0.132151125
525,52500000000,52499971000,100000000,99930600,0.133486125
526,52600000000,52599962800,100000000,99991800,0.133887791
527,52700000000,52700020000,100000000,100057200,0.133749500
528,52800000000,52799971700,100000000,99951700,0.133492792
529,52900000000,52901056700,100000000,101085000,0.134887542
530,53000000000,53000845600,100000000,99788900,0.133438750
531,53100000000,53100078400,100000000,99232800,0.132984791
532,53200000000,53199997300,100000000,99918900,0.132968500
533,53300000000,53300028700,100000000,100031400,0.134036417
534,53400000000,53399972500,100000000,99943800,0.134752709
535,53500000000,53499964100,100000000,99991600,0.133520875
536,53600000000,53600037000,100000000,100072900,0.133579208
537,53700000000,53700032700,100000000,99995700,0.134010791
538,53800000000,53799966700,100000000,99934000,0.133767875
539,53900000000,53900035500,100000000,100068800,0.133465625
540,54000000000,54000026800,100000000,99991300,0.133527542
541,54100000000,54100029100,100000000,100002300,0.134088458
542,54200000000,54199957000,100000000,99927900,0.133876834
543,54300000000,54300024500,100000000,100067500,0.133716125
544,54400000000,54400023400,100000000,99998900,0.133324083
545,54500000000,54499963000,100000000,99939600,0.133941542
546,54600000000,54599950500,100000000,99987500,0.133842416
547,54700000000,54699947200,100000000,99996700,0.133926500
548,54800000000,54800049000,100000000,100101800,0.133651500
549,54900000000,54900026100,100000000,99977100,0.133929375
550,55000000000,54999956900,100000000,99930800,0.133391542
551,55100000000,55099952800,100000000,99995900,0.132433333
552,55200000000,55199951900,100000000,99999100,0.133808709
553,55300000000,55300053500,100000000,100101600,0.132718833
554,55400000000,55399954200,100000000,99900700,0.133576792
555,55500000000,55499952100,100000000,99997900,0.133216958
556,55600000000,55599984900,100000000,100032800,0.134055000
557,55700000000,55699957300,100000000,99972400,0.133847417
558,55800000000,55799956900,100000000,99999600,0.133798333
559,55900000000,55899952700,100000000,99995800,0.131906458
560,56000000000,56000047300,100000000,100094600,0.133389000
561,56100000000,56099972400,100000000,99925100,0.133636375
562,56200000000,56200067300,100000000,100094900,0.133814084
563,56300000000,56299946000,100000000,99878700,0.133477625
564,56400000000,56400411200,100000000,100465200,0.133876292
565,56500000000,56500030800,100000000,99619600,0.133204958
566,56600000000,56599958800,100000000,99928000,0.133634000
567,56700000000,56699970400,100000000,100011600,0.133755583
568,56800000000,56799977900,100000000,100007500,0.133852875
569,56900000000,56899954700,100000000,99976800,0.133304000
570,57000000000,57001900000,100000000,101945300,0.135981625
571,57100000000,57099959600,100000000,98059600,0.131186208
572,57200000000,57200220700,100000000,100261100,0.134103500
573,57300000000,57300485600,100000000,100264900,0.134122250
574,57400000000,57400019300,100000000,99533700,0.133213542
575,57500000000,57500035800,100000000,100016500,0.133969625
576,57600000000,57600080100,100000000,100044300,0.133725667
577,57700000000,57699952400,100000000,99872300,0.133252208
578,57800000000,57799953200,100000000,100000800,0.133731583
579,57900000000,57900040200,100000000,100087000,0.133935041
580,58000000000,58000043400,100000000,100003200,0.133737584
581,58100000000,58100035000,100000000,99991600,0.133298458
582,58200000000,58199959800,100000000,99924800,0.133639125
583,58300000000,58300036400,100000000,100076600,0.135185167
584,58400000000,58399954400,100000000,99918000,0.133302333
585,58500000000,58500027700,100000000,100073300,0.133499792
586,58600000000,58599949300,100000000,99921600,0.132166791
587,58700000000,58699955000,100000000,100005700,0.134082916
588,58800000000,58800057200,100000000,100102200,0.133730166
589,58900000000,58900030700,100000000,99973500,0.132480875
590,59000000000,59000084200,100000000,100053500,0.133899791
591,59100000000,59100033200,100000000,99949000,0.133704709
592,59200000000,59200022400,100000000,99989200,0.133809333
593,59300000000,59299972900,100000000,99950500,0.134040750
594,59400000000,59399998400,100000000,100025500,0.133895709
595,59500000000,59499967000,100000000,99968600,0.133327583
596,59600000000,59599957200,100000000,99990200,0.133675417
597,59700000000,59699950200,100000000,99993000,0.133209041
598,59800000000,59799953700,100000000,100003500,0.133757750
599,59900000000,59900028100,100000000,100074400,0.133778459
600,60000000000,59999993900,100000000,99965800,0.133720375
601,60100000000,60099952900,100000000,99959000,0.133298083
602,60200000000,60199941200,100000000,99988300,0.133295375
603,60300000000,60300036000,100000000,100094800,0.133578375
604,60400000000,60399954200,100000000,99918200,0.133692000
605,60500000000,60500030900,100000000,100076700,0.133310125
606,60600000000,60600030900,100000000,100000000,0.133758167
607,60700000000,60700029900,100000000,99999000,0.132217209
608,60800000000,60799948400,100000000,99918500,0.135344042
609,60900000000,60899969400,100000000,100021000,0.133800792
610,61000000000,61000065000,100000000,100095600,0.133593166
611,61100000000,61100029700,100000000,99964700,0.131878500
612,61200000000,61200033700,100000000,100004000,0.133853750
613,61300000000,61299951100,100000000,99917400,0.133740208
614,61400000000,61399985100,100000000,100034000,0.133654667
615,61500000000,61500029800,100000000,100044700,0.133799375
616,61600000000,61600024900,100000000,99995100,0.133358083
617,61700000000,61700051200,100000000,100026300,0.133733334
618,61800000000,61800068700,100000000,100017500,0.133755917
619,61900000000,61900023200,100000000,99954500,0.133561209
620,62000000000,61999969900,100000000,99946700,0.133657166
621,62100000000,62100023700,100000000,100053800,0.133436125
622,62200000000,62200039300,100000000,100015600,0.133449125
623,62300000000,62299965100,100000000,99925800,0.133875667
624,62400000000,62399951100,100000000,99986000,0.133338958
625,62500000000,62500033400,100000000,100082300,0.133524250
626,62600000000,62599966300,100000000,99932900,0.131590084
627,62700000000,62700034900,100000000,100068600,0.134374042
628,62800000000,62800025900,100000000,99991000,0.131992375
629,62900000000,62900031700,100000000,100005800,0.134238791
630,63000000000,63000039500,100000000,100007800,0.133852916
631,63100000000,63099953900,100000000,99914400,0.132183292
632,63200000000,63200062300,100000000,100108400,0.133976500
633,63300000000,63300043500,100000000,99981200,0.133447708
634,63400000000,63399951200,100000000,99907700,0.133044042
635,63500000000,63500026100,100000000,100074900,0.133845042
636,63600000000,63600011800,100000000,99985700,0.133358291
637,63700000000,63699982200,100000000,99970400,0.133540125
638,63800000000,63800031200,100000000,100049000,0.133723167
639,63900000000,63900026900,100000000,99995700,0.133867791
640,64000000000,63999958100,100000000,99931200,0.133892167
641,64100000000,64100035500,100000000,100077400,0.134080625
642,64200000000,64199958400,100000000,99922900,0.133477250
643,64300000000,64300126100,100000000,100167700,0.135965709
644,64400000000,64400047100,100000000,99921000,0.133446750
645,64500000000,64499959300,100000000,99912200,0.133696583
646,64600000000,64599944000,100000000,99984700,0.133040792
647,64700000000,64700034600,100000000,100090600,0.133667125
648,64800000000,64800054800,100000000,100020200,0.133713166
649,64900000000,64900054800,100000000,100000000,0.133520958
650,65000000000,64999992300,100000000,99937500,0.133236375
651,65100000000,65100052600,100000000,100060300,0.132050667
652,65200000000,65199959300,100000000,99906700,0.132536125
653,65300000000,65300075500,100000000,100116200,0.132264542
654,65400000000,65399956200,100000000,99880700,0.133824000
655,65500000000,65500029000,100000000,100072800,0.133715875
656,65600000000,65599966400,100000000,99937400,0.133634708
657,65700000000,65700030400,100000000,100064000,0.133364875
658,65800000000,65799959300,100000000,99928900,0.133214917
659,65900000000,65899945900,100000000,99986600,0.133342125
660,66000000000,66000060000,100000000,100114100,0.133987083
661,66100000000,66100028800,100000000,99968800,0.133226875
662,66200000000,66200032900,100000000,100004100,0.134143125
663,66300000000,66300020000,100000000,99987100,0.133576000
664,66400000000,66400083400,100000000,100063400,0.133967083
665,66500000000,66499971700,100000000,99888300,0.134103917
666,66600000000,66599955200,100000000,99983500,0.133791625
667,66700000000,66699971500,100000000,100016300,0.133276375
668,66800000000,66799953300,100000000,99981800,0.133782709
669,66900000000,66900029800,100000000,100076500,0.133891750
670,67000000000,66999993000,100000000,99963200,0.133051583
671,67100000000,67100091900,100000000,100098900,0.133243917
672,67200000000,67199991200,100000000,99899300,0.133779167
673,67300000000,67299963800,100000000,99972600,0.131867084
674,67400000000,67399979100,100000000,100015300,0.133663708
675,67500000000,67499951100,100000000,99972000,0.133322833
676,67600000000,67600041700,100000000,100090600,0.133367750
677,67700000000,67700035300,100000000,99993600,0.134082291
678,67800000000,67800036500,100000000,100001200,0.133785584
679,67900000000,67899963500,100000000,99927000,0.133571542
680,68000000000,68000029700,100000000,100066200,0.133873000
681,68100000000,68099953400,100000000,99923700,0.133690250
682,68200000000,68199971600,100000000,100018200,0.133638542
683,68300000000,68299973800,100000000,100002200,0.133783167
684,68400000000,68400019400,100000000,100045600,0.133915750
685,68500000000,68499953800,100000000,99934400,0.133119833
686,68600000000,68599964300,100000000,100010500,0.131795042
687,68700000000,68699983900,100000000,100019600,0.133788542
688,68800000000,68800124400,100000000,100140500,0.134187041
689,68900000000,68899959400,100000000,99835000,0.133487459
690,69000000000,69000025200,100000000,100065800,0.133325417
691,69100000000,69100035100,100000000,100009900,0.133756667
692,69200000000,69199951900,100000000,99916800,0.133918167
693,69300000000,69300030200,100000000,100078300,0.133482958
694,69400000000,69400049400,100000000,100019200,0.133874125
695,69500000000,69500048900,100000000,99999500,0.134004833
696,69600000000,69600028400,100000000,99979500,0.132544458
697,69700000000,69700055700,100000000,100027300,0.134816625
698,69800000000,69800024400,100000000,99968700,0.133876667
699,69900000000,69900024200,100000000,99999800,0.133494375
700,70000000000,70000033700,100000000,100009500,0.133153458
701,70100000000,70100036700,100000000,100003000,0.132243542
702,70200000000,70199945900,100000000,99909200,0.133284250
703,70300000000,70300025200,100000000,100079300,0.132959959
704,70400000000,70399950600,100000000,99925400,0.133580791
705,70500000000,70500539000,100000000,100588400,0.133828709
706,70600000000,70600031700,100000000,99492700,0.132921042
707,70700000000,70699961500,100000000,99929800,0.133747500
708,70800000000,70800035400,100000000,100073900,0.133713750
709,70900000000,70899977500,100000000,99942100,0.133602792
710,71000000000,71000073800,100000000,100096300,0.133821708
711,71100000000,71099949700,100000000,99875900,0.133076459
712,71200000000,71199969800,100000000,100020100,0.133780875
713,71300000000,71300054400,100000000,100084600,0.133889208
714,71400000000,71400037400,100000000,99983000,0.133734500
715,71500000000,71500021900,100000000,99984500,0.133241209
716,71600000000,71600033800,100000000,100011900,0.133277500
717,71700000000,71700032200,100000000,99998400,0.133749958
718,71800000000,71799957500,100000000,99925300,0.132836500
719,71900000000,71899964100,100000000,100006600,0.133824042
720,72000000000,72000011400,100000000,100047300,0.134681083
721,72100000000,72100027500,100000000,100016100,0.133296333
722,72200000000,72199963200,100000000,99935700,0.133666958
723,72300000000,72300035000,100000000,100071800,0.133857542
724,72400000000,72400042400,100000000,100007400,0.133823042
725,72500000000,72499975500,100000000,99933100,0.131810333
726,72600000000,72599976300,100000000,100000800,0.134120167
727,72700000000,72700036700,100000000,100060400,0.133765167
728,72800000000,72800029200,100000000,99992500,0.133775083
729,72900000000,72899957500,100000000,99928300,0.133758083
730,73000000000,72999966000,100000000,100008500,0.133966917
731,73100000000,73100036800,100000000,100070800,0.133406333
732,73200000000,73200033600,100000000,99996800,0.134158167
733,73300000000,73299965800,100000000,99932200,0.133291334
734,73400000000,73399995600,100000000,100029800,0.133844500
735,73500000000,73500030100,100000000,100034500,0.133758667
736,73600000000,73600032000,100000000,100001900,0.133285333
737,73700000000,73699960200,100000000,99928200,0.133311166
738,73800000000,73799979700,100000000,100019500,0.133939834
739,73900000000,73899959400,100000000,99979700,0.133692583
740,74000000000,74000404900,100000000,100445500,0.132389833
741,74100000000,74100032700,100000000,99627800,0.133265792
742,74200000000,74200026200,100000000,99993500,0.133588500
743,74300000000,74299962100,100000000,99935900,0.134106834
744,74400000000,74400029000,100000000,100066900,0.133252375
745,74500000000,74499954600,100000000,99925600,0.133738000
746,74600000000,74599956600,100000000,100002000,0.133345667
747,74700000000,74702168400,100000000,102211800,0.135892208
748,74800000000,74799942200,100000000,97773800,0.133985125
749,74900000000,74900035300,100000000,100093100,0.133834958
750,75000000000,75000043800,100000000,100008500,0.133603583
751,75100000000,75100042900,100000000,99999100,0.133529459
752,75200000000,75200032700,100000000,99989800,0.133814209
753,75300000000,75299951900,100000000,99919200,0.133720083
754,75400000000,75400052900,100000000,100101000,0.133864625
755,75500000000,75499991900,100000000,99939000,0.133706709
756,75600000000,75600067500,100000000,100075600,0.132877959
757,75700000000,75699990500,100000000,99923000,0.133899208
758,75800000000,75800208400,100000000,100217900,0.131798875
759,75900000000,75899965100,100000000,99756700,0.131831375
760,76000000000,75999981500,100000000,100016400,0.134064708
761,76100000000,76099993200,100000000,100011700,0.134061292
762,76200000000,76199997800,100000000,100004600,0.132605750
763,76300000000,76300804800,100000000,100807000,0.133233208
764,76400000000,76400058000,100000000,99253200,0.131744000
765,76500000000,76500052900,100000000,99994900,0.132291666
766,76600000000,76600059200,100000000,100006300,0.132149875
767,76700000000,76700041900,100000000,99982700,0.132137291
768,76800000000,76799953100,100000000,99911200,0.132618583
769,76900000000,76900035700,100000000,100082600,0.133150709
770,77000000000,77000062100,100000000,100026400,0.132466834
771,77100000000,77100130200,100000000,100068100,0.132185708
772,77200000000,77200543500,100000000,100413300,0.134602042
773,77300000000,77300042300,100000000,99498800,0.132430917
774,77400000000,77400139700,100000000,100097400,0.132523333
775,77500000000,77500072900,100000000,99933200,0.132432167
776,77600000000,77599968200,100000000,99895300,0.132642333
777,77700000000,77699951200,100000000,99983000,0.132417209
778,77800000000,77800070700,100000000,100119500,0.132225000
779,77900000000,77900032600,100000000,99961900,0.134176958
780,78000000000,77999998300,100000000,99965700,0.133918500
781,78100000000,78100059200,100000000,100060900,0.134056583
782,78200000000,78200057200,100000000,99998000,0.132641625
783,78300000000,78300081300,100000000,100024100,0.132393083
784,78400000000,78400056400,100000000,99975100,0.133100333
785,78500000000,78499974900,100000000,99918500,0.133916083
786,78600000000,78600133700,100000000,100158800,0.132502792
787,78700000000,78700047900,100000000,99914200,0.132102250
788,78800000000,78800066400,100000000,100018500,0.132529084
789,78900000000,78900401700,100000000,100335300,0.132700459
790,79000000000,79010224100,100000000,109822400,0.142636666
791,79100000000,79100028700,100000000,89804600,0.123642875
792,79200000000,79199971400,100000000,99942700,0.133972375
793,79300000000,79299955800,100000000,99984400,0.133693792
794,79400000000,79400332600,100000000,100376800,0.133742583
795,79500000000,79500044500,100000000,99711900,0.133199083
796,79600000000,79600022900,100000000,99978400,0.133076333
797,79700000000,79700051700,100000000,100028800,0.133451791
798,79800000000,79799980400,100000000,99928700,0.133727916
799,79900000000,79900013900,100000000,100033500,0.133563125
800,80000000000,80000027200,100000000,100013300,0.133868167
801,80100000000,80099950200,100000000,99923000,0.133247875
802,80200000000,80200081300,100000000,100131100,0.133820167
803,80300000000,80300051000,100000000,99969700,0.133388125
804,80400000000,80399943700,100000000,99892700,0.133890291
805,80500000000,80500047200,100000000,100103500,0.133673583
806,80600000000,80600023100,100000000,99975900,0.133884917
807,80700000000,80700063400,100000000,100040300,0.133891875
808,80800000000,80799967100,100000000,99903700,0.132907167
809,80900000000,80899944900,100000000,99977800,0.133708250
810,81000000000,81000052000,100000000,100107100,0.132591958
811,81100000000,81100041900,100000000,99989900,0.133311292
812,81200000000,81200365200,100000000,100323300,0.133086959
813,81300000000,81300031500,100000000,99666300,0.133455166
814,81400000000,81400858900,100000000,100827400,0.134280458
815,81500000000,81499992200,100000000,99133300,0.132610625
816,81600000000,81599957700,100000000,99965500,0.133284250
817,81700000000,81699992900,100000000,100035200,0.135714208
818,81800000000,81800038600,100000000,100045700,0.131905375
819,81900000000,81900078800,100000000,100040200,0.134186917
820,82000000000,82000026400,100000000,99947600,0.133930625
821,82100000000,82100046000,100000000,100019600,0.133915209
822,82200000000,82200039000,100000000,99993000,0.133409250
823,82300000000,82299958200,100000000,99919200,0.133817250
824,82400000000,82399954100,100000000,99995900,0.133519875
825,82500000000,82500025200,100000000,100071100,0.134127375
826,82600000000,82599974800,100000000,99949600,0.133572250
827,82700000000,82700057400,100000000,100082600,0.134118667
828,82800000000,82800039700,100000000,99982300,0.133842916
829,82900000000,82900073900,100000000,100034200,0.133855208
830,83000000000,82999952900,100000000,99879000,0.133871000
831,83100000000,83100032200,100000000,100079300,0.133660750
832,83200000000,83200053900,100000000,100021700,0.133447500
833,83300000000,83299978200,100000000,99924300,0.133680167
834,83400000000,83400062800,100000000,100084600,0.133719208
835,83500000000,83500033700,100000000,99970900,0.134724875
836,83600000000,83600035200,100000000,100001500,0.132191416
837,83700000000,83699962500,100000000,99927300,0.133487917
838,83800000000,83799974600,100000000,100012100,0.133541542
839,83900000000,83899963900,100000000,99989300,0.133797792
840,84000000000,84000037400,100000000,100073500,0.133632167
841,84100000000,84099986800,100000000,99949400,0.133233958
842,84200000000,84200035100,100000000,100048300,0.133476542
843,84300000000,84299959600,100000000,99924500,0.133515375
844,84400000000,84399987300,100000000,100027700,0.133376708
845,84500000000,84499985100,100000000,99997800,0.133806083
846,84600000000,84599993800,100000000,100008700,0.133995167
847,84700000000,84699993100,100000000,99999300,0.132036333
848,84800000000,84800005700,100000000,100012600,0.134295583
849,84900000000,84899971100,100000000,99965400,0.133905042
850,85000000000,84999962100,100000000,99991000,0.133649250
851,85100000000,85100006300,100000000,100044200,0.131572000
852,85200000000,85200038000,100000000,100031700,0.134325917
853,85300000000,85300043100,100000000,100005100,0.133897166
854,85400000000,85399938700,100000000,99895600,0.133590084
855,85500000000,85500028900,100000000,100090200,0.132374458
856,85600000000,85599951800,100000000,99922900,0.134037500
857,85700000000,85699956300,100000000,100004500,0.131983416
858,85800000000,85800035200,100000000,100078900,0.134176541
859,85900000000,85900041200,100000000,100006000,0.133468542
860,86000000000,85999964700,100000000,99923500,0.133716333
861,86100000000,86100027700,100000000,100063000,0.133785917
862,86200000000,86200094500,100000000,100066800,0.133810625
863,86300000000,86300018100,100000000,99923600,0.133741250
864,86400000000,86399966600,100000000,99948500,0.133668541
865,86500000000,86500046400,100000000,100079800,0.133393792
866,86600000000,86600564600,100000000,100518200,0.134228417
867,86700000000,86700289900,100000000,99725300,0.133931417
868,86800000000,86799965400,100000000,99675500,0.132274083
869,86900000000,86900053800,100000000,100088400,0.133320583
870,87000000000,86999981800,100000000,99928000,0.133723333
871,87100000000,87100032300,100000000,100050500,0.133414333
872,87200000000,87201443300,100000000,101411000,0.134773416
873,87300000000,87300006700,100000000,98563400,0.132284791
874,87400000000,87399948400,100000000,99941700,0.133194166
875,87500000000,87499982900,100000000,100034500,0.133761625
876,87600000000,87599981400,100000000,99998500,0.133684292
877,87700000000,87700053800,100000000,100072400,0.133168125
878,87800000000,87799997700,100000000,99943900,0.133330916
879,87900000000,87900026800,100000000,100029100,0.132050917
880,88000000000,88000409600,100000000,100382800,0.134221000
881,88100000000,88100007200,100000000,99597600,0.131732791
882,88200000000,88200005000,100000000,99997800,0.132413625
883,88300000000,88300084200,100000000,100079200,0.132673666
884,88400000000,88400149800,100000000,100065600,0.132222208
885,88500000000,88500257200,100000000,100107400,0.134157375
886,88600000000,88599957300,100000000,99700100,0.133427083
887,88700000000,88699993500,100000000,100036200,0.134087791
888,88800000000,88800036600,100000000,100043100,0.133581209
889,88900000000,88899984100,100000000,99947500,0.131883375
890,89000000000,89003862100,100000000,103878000,0.137902458
891,89100000000,89100046700,100000000,96184600,0.129963375
892,89200000000,89200128500,100000000,100081800,0.133421667
893,89300000000,89300042900,100000000,99914400,0.133480583
894,89400000000,89400159200,100000000,100116300,0.133688333
895,89500000000,89499996900,100000000,99837700,0.133918958
896,89600000000,89600112800,100000000,100115900,0.133810959
897,89700000000,89700013700,100000000,99900900,0.133627542
898,89800000000,89799973100,100000000,99959400,0.133708750
899,89900000000,89899958900,100000000,99985800,0.133113583
900,90000000000,89999931600,100000000,99972700,0.133712041
901,90100000000,90100042100,100000000,100110500,0.133853250
902,90200000000,90200125700,100000000,100083600,0.133484375
903,90300000000,90299955400,100000000,99829700,0.132582000
904,90400000000,90399952000,100000000,99996600,0.133585667
905,90500000000,90499988700,100000000,100036700,0.133714458
906,90600000000,90600050000,100000000,100061300,0.133311458
907,90700000000,90700054500,100000000,100004500,0.133351084
908,90800000000,90799976000,100000000,99921500,0.134297417
909,90900000000,90900029800,100000000,100053800,0.132596292
910,91000000000,91000037900,100000000,100008100,0.133550333
911,91100000000,91100091600,100000000,100053700,0.132483375
912,91200000000,91199957700,100000000,99866100,0.132770167
913,91300000000,91299959500,100000000,100001800,0.134200625
914,91400000000,91400038700,100000000,100079200,0.133602000
915,91500000000,91499959900,100000000,99921200,0.133737916
916,91600000000,91600055200,100000000,100095300,0.132502458
917,91700000000,91700013200,100000000,99958000,0.133850417
918,91800000000,91799957500,100000000,99944300,0.133203791
919,91900000000,91900132400,100000000,100174900,0.133530500
920,92000000000,92000643400,100000000,100511000,0.134227750
921,92100000000,92099943700,100000000,99300300,0.133153667
922,92200000000,92199960900,100000000,100017200,0.133415333
923,92300000000,92299998400,100000000,100037500,0.133152792
924,92400000000,92400051700,100000000,100053300,0.133751625
925,92500000000,92500027700,100000000,99976000,0.133708083
926,92600000000,92600072700,100000000,100045000,0.131787000
927,92700000000,92699956800,100000000,99884100,0.132170500
928,92800000000,92799957800,100000000,100001000,0.133874042
929,92900000000,92899958200,100000000,100000400,0.133531084
930,93000000000,93000066900,100000000,100108700,0.134146208
931,93100000000,93100237400,100000000,100170500,0.133354666
932,93200000000,93199953900,100000000,99716500,0.133638250
933,93300000000,93300003000,100000000,100049100,0.133783125
934,93400000000,93400047500,100000000,100044500,0.133572833
935,93500000000,93499975700,100000000,99928200,0.133350167
936,93600000000,93600027900,100000000,100052200,0.133909333
937,93700000000,93699980900,100000000,99953000,0.133766958
938,93800000000,93799991400,100000000,100010500,0.133399959
939,93900000000,93900045700,100000000,100054300,0.133771542
940,94000000000,93999968400,100000000,99922700,0.133829833
941,94100000000,94100054000,100000000,100085600,0.132958750
942,94200000000,94201023400,100000000,100969400,0.134368709
943,94300000000,94300025700,100000000,99002300,0.132990291
944,94400000000,94400209700,100000000,100184000,0.134247709
945,94500000000,94500061900,100000000,99852200,0.133735500
946,94600000000,94599954800,100000000,99892900,0.133536208
947,94700000000,94700047300,100000000,100092500,0.133565333
948,94800000000,94799990100,100000000,99942800,0.133680041
949,94900000000,94899990900,100000000,100000800,0.133492000
950,95000000000,94999945200,100000000,99954300,0.133187458
951,95100000000,95099954900,100000000,100009700,0.133390833
952,95200000000,95199964100,100000000,100009200,0.133435375
953,95300000000,95299960500,100000000,99996400,0.133798000
954,95400000000,95400036300,100000000,100075800,0.136136667
955,95500000000,95500031100,100000000,99994800,0.133809833
956,95600000000,95600029700,100000000,99998600,0.132122334
957,95700000000,95700039700,100000000,100010000,0.133313334
958,95800000000,95799974700,100000000,99935000,0.132614083
959,95900000000,95900025300,100000000,100050600,0.133783125
960,96000000000,95999984400,100000000,99959100,0.134036792
961,96100000000,96100027500,100000000,100043100,0.133447250
962,96200000000,96200035900,100000000,100008400,0.133666625
963,96300000000,96299978400,100000000,99942500,0.132541667
964,96400000000,96400033200,100000000,100054800,0.133672084
965,96500000000,96499972500,100000000,99939300,0.133804833
966,96600000000,96599962900,100000000,99990400,0.133359292
967,96700000000,96700047100,100000000,100084200,0.133665375
968,96800000000,96800029800,100000000,99982700,0.133330292
969,96900000000,96900065400,100000000,100035600,0.132236542
970,97000000000,97000063900,100000000,99998500,0.136127833
971,97100000000,97100030500,100000000,99966600,0.134277459
972,97200000000,97200046500,100000000,100016000,0.133829334
973,97300000000,97299972400,100000000,99925900,0.133682334
974,97400000000,97400033200,100000000,100060800,0.134114042
975,97500000000,97499960900,100000000,99927700,0.132981416
976,97600000000,97599956200,100000000,99995300,0.133733417
977,97700000000,97699986900,100000000,100030700,0.133743708
978,97800000000,97800046300,100000000,100059400,0.133854500
979,97900000000,97899983700,100000000,99937400,0.133233541
980,98000000000,98000033400,100000000,100049700,0.133334042
981,98100000000,98100010900,100000000,99977500,0.133309542
982,98200000000,98200021300,100000000,100010400,0.133492708
983,98300000000,98299978700,100000000,99957400,0.133317750
984,98400000000,98399973400,100000000,99994700,0.131620375
985,98500000000,98500038200,100000000,100064800,0.132321333
986,98600000000,98600001400,100000000,99963200,0.133727375
987,98700000000,98699991400,100000000,99990000,0.133152125
988,98800000000,98799975300,100000000,99983900,0.133676500
989,98900000000,98899977200,100000000,100001900,0.133686542
990,99000000000,99000083000,100000000,100105800,0.134083209
991,99100000000,99100034100,100000000,99951100,0.133624459
992,99200000000,99199955200,100000000,99921100,0.133313209
993,99300000000,99299956600,100000000,100001400,0.133769916
994,99400000000,99399958700,100000000,100002100,0.133744583
995,99500000000,99500045400,100000000,100086700,0.133805791
996,99600000000,99600033800,100000000,99988400,0.132131750
997,99700000000,99700040400,100000000,100006600,0.133938542
998,99800000000,99800035000,100000000,99994600,0.134838000
999,99900000000,99900056000,100000000,100021000,0.133704792
1000,100000000000,99999994800,100000000,99938800,0.133920792
